[{"nome": "Internado com Covid-19, Paulo Gustavo apresenta melhora no quadro de saúde", "resumo": "Ator e humorista está em um hospital particular do Rio", "data": "20.mar.2021 à 1h25"}, {"nome": "Adriana Araújo deixa Record após 15 anos de casa", "resumo": "Apresentadora havia abandonado bancada do Jornal da Record por discordâncias editoriais", "data": "20.mar.2021 à 0h44"}, {"nome": "Renata Sorrah, Rita Lee e Leandro Hassum recebem vacina", "resumo": "Residente nos EUA, ator lamenta situação do Brasil", "data": "20.mar.2021 à 0h21"}, {"nome": "BBB 21: Gil vira líder, ganha carro e grita: 'Eu tô rica'", "resumo": "Sarah está imunizada e comemora vitória do aliado no jogo", "data": "19.mar.2021 às 23h30"}, {"nome": "Globo corrige informação defasada sobre Covid na novela", "resumo": "A Globo incluiu um aviso ao final do capítulo de... O post Globo corrige...", "data": "19.mar.2021 às 23h18"}, {"nome": "Apoio de bolsonaristas a estado de defesa preocupa partidos e mobiliza a OAB", "resumo": "Ideia foi noticiada por site ligado a Olavo de Carvalho e apoiada por Silas Malafaia", "data": "19.mar.2021 às 23h16"}, {"nome": "Xingar o genocida não vale um pequi roído", "resumo": "Decerto Bolsonaro não vale um pequi roído. Pô, coitado do pequi. Nenhum...", "data": "19.mar.2021 às 23h15"}, {"nome": "Cinco estados dizem ao Ministério da Saúde que sedativo e bloqueador terminarão em poucos dias", "resumo": "São Paulo, Distrito Federal, Sergipe, Rio Grande do Norte e Tocantins traçaram cenários preocupantes", "data": "19.mar.2021 às 23h15"}, {"nome": "Vacinação devagar, quase parando", "resumo": "E o governo paralisado pelas ambições pessoais e delírios do chefe", "data": "19.mar.2021 às 23h15"}, {"nome": "Advogados se incomodam com interrupção de debate na OAB sobre fundo para comprar vacinas", "resumo": "Ainda não está definido quem poderá acessar os imunizantes comprados pelos advogados", "data": "19.mar.2021 às 23h15"}, {"nome": "Advogado-Geral da União não assinou pedido de Bolsonaro para derrubar toque de recolher nos estados", "resumo": "Somente o presidente Jair Bolsonaro assinou o documento, o que é incomum", "data": "19.mar.2021 às 23h15"}, {"nome": "Ge-no-ci-da!", "resumo": "Peço que você repita a palavra comigo, escandindo as sílabas", "data": "19.mar.2021 às 23h15"}, {"nome": "PF suspeita que megavazamento de dados seja compilado de informações obtidas em invasões antigas", "resumo": "Um dos alvos da investigação é suspeito de reunir e vender as informações", "data": "19.mar.2021 às 23h15"}, {"nome": "'Sky Rojo', nova série dos criadores de 'La Casa de Papel', chega ao streaming", "resumo": "Conheça os destaques da programação deste sábado (20)", "data": "19.mar.2021 às 23h15"}, {"nome": "Sentir ciúme é normal quando chega um novo irmãozinho", "resumo": "Crianças lembram como foi descobrir que um bebê estava a caminho e falam da relação com ele", "data": "19.mar.2021 às 23h15"}, {"nome": "Ponte inacabada inaugurada por Bolsonaro gera insegurança em comunidades", "resumo": "Moradores relatam trânsito intenso em frente às casas; 600 famílias aguardam reassentamento para continuidade da obra", "data": "19.mar.2021 às 23h15"}, {"nome": "No mundo de Bolsonaro", "resumo": "É possível conciliar o seu mundo ao mundo dos fatos?", "data": "19.mar.2021 às 23h15"}, {"nome": "Com preços em alta, carro 1.0 compensa pelo baixo consumo", "resumo": "Em tempos de oscilação nas bombas de combustíveis, testes do Instituto Mauá apontam bons rendimentos", "data": "19.mar.2021 às 23h15"}, {"nome": "STF e Poderes formam consórcio para destruir combate à corrupção, diz Modesto Carvalhosa", "resumo": "Professor aposentado da USP lança livro em que propõe novo formato para Supremo e fim de privilégios para a classe política", "data": "19.mar.2021 às 23h15"}, {"nome": "Pandemia agrava crise no setor de ônibus urbanos", "resumo": "Venda de chassis caiu 33,3% entre 2019 e 2020", "data": "19.mar.2021 às 23h15"}, {"nome": "Prefeitos do litoral de SP veem individualismo em Covas e falta de medidas mais duras em Doria", "resumo": "Com a rede de saúde colapsada, eles anunciaram medidas mais restritivas por esperarem fluxo de turistas", "data": "19.mar.2021 às 23h15"}, {"nome": "Beyoncé posa para foto com Jay-Z, e Taís Araujo posta selfie de máscara", "resumo": "Veja imagens de personalidades durante o distanciamento social causado pela Covid-19:", "data": "19.mar.2021 às 23h15"}, {"nome": "Demonização da mídia eleva ataques a jornalistas na Europa, dizem entidades", "resumo": "Protestos durante pandemia foram contexto mais perigoso para repórteres; ameaças e agressões vindas de autoridades chegam a quase um quarto dos casos", "data": "19.mar.2021 às 23h15"}, {"nome": "A fome é professora", "resumo": "É preciso ouvir o alerta de Carolina de Jesus, feito há 70 anos", "data": "19.mar.2021 às 23h15"}, {"nome": "Líderes e párias", "resumo": "Biden cumpre meta vacinal antes do prazo, em contraste com tragédia brasileira", "data": "19.mar.2021 às 23h15"}, {"nome": "Prisão de hacker não soluciona megavazamento, dizem analistas", "resumo": "PF diz ter identificado suspeito pela exposição de dados de 223 milhões", "data": "19.mar.2021 às 23h15"}, {"nome": "Chefe de apoio aos quilombolas na Fundação Palmares entrega seu cargo", "resumo": "Na semana passada, três gestores deixaram a Palmares por insatisfações com o presidente da instituição, Sérgio Camargo", "data": "19.mar.2021 às 23h15"}, {"nome": "Volkswagen não pode ficar alheia ao agravamento da pandemia, diz presidente da montadora no Brasil", "resumo": "Produção será interrompida nesta semana; olhando para o pós-Covid, Pablo Di Si afirma que etanol pode viabilizar carro 100% ecológico", "data": "19.mar.2021 às 23h15"}, {"nome": "Mariliz e Benett me encheram de orgulho, diz leitor", "resumo": "Leitor parabeniza Djamila Ribeiro", "data": "19.mar.2021 às 23h15"}, {"nome": "Insurgência de setores da direita contra Netanyahu muda dinâmica eleitoral", "resumo": "Na corrida pela permanência no poder, premiê alterou debate histórico e ajudou a ressuscitar setores da esquerda", "data": "19.mar.2021 às 23h15"}, {"nome": "Concurso em SP escolherá monumento para centenário da Semana de 1922", "resumo": "Centro Cultural São Paulo também abre processo para escolher cartaz para a efeméride", "data": "19.mar.2021 às 23h15"}, {"nome": "ONG cria podcast com histórias de superação no ensino durante pandemia", "resumo": "Projeto da Todos Pela Educação terá cinco episódios", "data": "19.mar.2021 às 23h15"}, {"nome": "Com pandemia, SP registra 25% de mortes a mais entre negros e 11,5% entre brancos em 2020", "resumo": "Estudo mostra que excesso de óbitos atingiu os mais vulneráveis ; pesquisadores propõem priorizá-los na vacinação", "data": "19.mar.2021 às 23h15"}, {"nome": "Centenas de advogados e juristas pedem renúncia de Bolsonaro 'genocida'", "resumo": "Ideia é engrossar movimento surgido após intimação de Felipe Neto por crítica ao presidente", "data": "19.mar.2021 às 23h15"}, {"nome": "Advogados lançam segundo livro de trilogia sobre a Lava Jato", "resumo": "'O Livro das Parcialidades' será divulgado em live do Prerrogativas em homenagem a Lewandowski", "data": "19.mar.2021 às 23h15"}, {"nome": "O palavrão", "resumo": "Lockdown é medida de difícil execução, ainda mais sendo satanizado por Bolsonaro", "data": "19.mar.2021 às 23h15"}, {"nome": "Frente 'Cala Boca Já Morreu' de Felipe Neto recebeu mais de cem pedidos de ajuda", "resumo": "Iniciativa visa defender de graça pessoas processadas por criticar Bolsonaro ou outra autoridade", "data": "19.mar.2021 às 23h15"}, {"nome": "Testes positivos para Covid aumentaram 270% de outubro a fevereiro em SP", "resumo": "Embora quantidade total de exames também tenha crescido, elevação foi 1,5 vez mais do que a esperada", "data": "19.mar.2021 às 23h15"}, {"nome": "Para diminuir resistências, Doria divide palco da pandemia com vice", "resumo": "Garcia assume 2 das 3 entrevistas coletivas semanais; tucano faz gestos e abandona paletó", "data": "19.mar.2021 às 23h15"}, {"nome": "O paradoxo do centro", "resumo": "Siglas têm nas mãos fracassos gravados na memória coletiva, mas não têm narrativa", "data": "19.mar.2021 às 23h15"}, {"nome": "Por amor aos brasileiros, feche a economia, presidente", "resumo": "Consequências econômicas de deixarmos o vírus continuar sofrendo mutações podem ser ainda mais desastrosas", "data": "19.mar.2021 às 23h15"}, {"nome": "50% dos empresários defendem fim do isolamento, diz Datafolha", "resumo": "Para 31%, é melhor deixar as pessoas em casa para conter Covid", "data": "19.mar.2021 às 23h15"}, {"nome": "A tecnologia reverteu o relógio da produtividade", "resumo": "Profissionais multitarefas têm mais dificuldade em aumentar fluxo de trabalho", "data": "19.mar.2021 às 23h15"}, {"nome": "O Supremo deve manter a extensão do prazo de validade das patentes no Brasil? NÃO", "resumo": "Modelo elimina caráter previsível da concessão de patentes, a sua razão de ser", "data": "19.mar.2021 às 23h15"}, {"nome": "Céu, a menina que sabe voar", "resumo": "Desenhista desde os três anos, ela manda recados por meio da sua arte", "data": "19.mar.2021 às 23h15"}, {"nome": "O Supremo deve manter a extensão do prazo de validade das patentes no Brasil? SIM", "resumo": "Críticos acham que é azar do inventor se órgão responsável for moroso", "data": "19.mar.2021 às 23h15"}, {"nome": "1971: Crise entre militares na cúpula do governo argentino se agrava", "resumo": "O presidente da Argentina, Roberto Marcelo Levingston, demitiu nesta...", "data": "19.mar.2021 às 23h15"}, {"nome": "PF abre inquérito para investigar Ciro Gomes sob a suspeita de crime contra a honra de Bolsonaro", "resumo": "Motivo é entrevista em que pedetista critica o chefe do Executivo; pedido foi assinado pelo próprio Bolsonaro", "data": "19.mar.2021 às 22h56"}, {"nome": "Biden e Kamala expressam solidariedade a vítimas de chacina e apoio a asiáticos nos EUA", "resumo": "O presidente dos EUA, Joe Biden, e sua vice, Kamala Harris, expressaram nesta...", "data": "19.mar.2021 às 22h24"}, {"nome": "Poeta faz resgate lírico da força de ancestrais de sua América Latina", "resumo": "Obra do costa-riquenho Ignacio Carvajal resulta potente a partir do mix do inglês, espanhol e da língua maia k'iche'", "data": "19.mar.2021 às 22h20"}, {"nome": "Anvisa flexibiliza aval a empresas para oferta de remédios usados na intubação de pacientes com Covid", "resumo": "Agência isenta grupo de medicamentos de registro e facilita autorização, na tentativa de aumentar produção pelas indústrias; medida ocorre em meio a baixos estoques", "data": "19.mar.2021 às 22h14"}, {"nome": "Baixada Santista proíbe supermercados de abrir aos finais de semana", "resumo": "Prefeitos de 9 cidades anunciaram novas restrições para tentar controlar pandemia", "data": "19.mar.2021 às 22h06"}, {"nome": "Áries no mapa astral: qual área da vida você tem coragem de sobra?", "resumo": "Saiba como aproveitar características arianas no dia a dia", "data": "19.mar.2021 às 22h00"}, {"nome": "Hacker preso pela PF em operação sobre esquema de vazamento de dados é funcionário de prefeitura", "resumo": "Gestão de Petrolina (PE) não tem ligação com com crimes apurados; investigado será exonerado", "data": "19.mar.2021 às 21h57"}, {"nome": "Outono deve diminuir ocorrência de chuvas em São Paulo", "resumo": "Estação, que se inicia no sábado (20), é marcada pela queda nas temperaturas em relação ao verão", "data": "19.mar.2021 às 21h57"}, {"nome": "Barroso rejeita queixa-crime de Ludmilla contra deputado bolsonarista", "resumo": "Parlamentar postou tuítes dizendo que a cantora fazia apologia às drogas", "data": "19.mar.2021 às 21h51"}, {"nome": "Harry e Meghan se pronunciam após investigador revelar acesso a dados secretos", "resumo": "Casal disse que este é um importante 'momento de reflexão para a mídia'", "data": "19.mar.2021 às 21h06"}, {"nome": "Com recorde de mortes e lentidão na vacinação, Pacheco pede socorro aos EUA nas ações contra Covid", "resumo": "Presidente do Senado envia ofício a Kamala Harris no qual afirma que Brasil representa risco para todo o hemisfério ocidental", "data": "19.mar.2021 às 21h02"}, {"nome": "Shows 'laboratório' em Barcelona dão pistas de como será a balada 2021", "resumo": "Sim, sim, eu me lembro (mais ou menos) bem: o techno e os estrobos verdes, as...", "data": "19.mar.2021 às 20h47"}, {"nome": "Com mortes em alta, RS autoriza prefeitos a abrirem comércio", "resumo": "Municípios poderão definir regras de restrições da Covid-19", "data": "19.mar.2021 às 20h47"}, {"nome": "Governo requisita medicamentos de intubação para o SUS e estoque de hospitais privados pode acabar em 48 horas, diz associação", "resumo": "Pacientes graves em UTIs não poderão ser conectados ao oxigênio e podem morrer sufocados", "data": "19.mar.2021 às 20h46"}, {"nome": "Claro cobra por filmes não assistidos, afirma cliente", "resumo": "Leitora relata que tem senha em seu plano de TV e nunca fez esse tipo de compra", "data": "19.mar.2021 às 20h40"}, {"nome": "Concentrada e governista, mídia dos EUA passa por 'sovietização'", "resumo": "Cobertura de 'partido único' se estende e enfrenta 'testes' comparativos com Trump; Justiça ameaça retirar salvaguardas", "data": "19.mar.2021 às 20h26"}, {"nome": "Vladimir Safatle usa versos sobre o Holocausto e áudio de WhatsApp em novo disco", "resumo": "'É como se música de concerto não existisse para a sociedade brasileira', diz o pianista e professor da USP", "data": "19.mar.2021 às 20h26"}, {"nome": "Biden cumpre promessa de aplicar 100 milhões de vacinas 41 dias antes do prazo", "resumo": "Campanha acelerada de imunização nos EUA reduziu em 78% a média de novos casos de Covid-19", "data": "19.mar.2021 às 20h26"}, {"nome": "Barroso decide que detentas transexuais e travestis podem optar por presídio masculino ou feminino", "resumo": "Ministro citou dois estudos do governo federal e disse que o mais adequado é deixar para as presas decidirem onde querem cumprir a pena", "data": "19.mar.2021 às 20h23"}, {"nome": "Crianças na escola primária não precisam ficar a 1,80 m de distância, diz CDC", "resumo": "Órgão dos Estados Unidos relaxou medidas para incentivar escolas a aceitarem alunos de volta às aulas presenciais", "data": "19.mar.2021 às 20h17"}, {"nome": "Com UTIs lotadas, Curitiba estende lockdown e suspende ônibus", "resumo": "Onze municípios da região metropolitana também endurecem medidas para combater a Covid-19", "data": "19.mar.2021 às 20h08"}, {"nome": "Brasil tem 2.730 mortes por Covid em 24 h, e média móvel de óbitos bate novo recorde", "resumo": "País tem recordes na média há 21 dias seguidos; nesta sexta, foi registrado segundo maior número de casos da pandemia, 89.409", "data": "19.mar.2021 às 20h05"}, {"nome": "Passa de 100 o número de pessoas que morreram à espera de leito de UTI para Covid em SP", "resumo": "No dia 11 deste mês eram ao menos 44 casos em 15 cidades; número passou para 104 em 18 cidades", "data": "19.mar.2021 às 20h04"}, {"nome": "Indústria da construção pede para desonerar alíquota de importação de aço e cimento", "resumo": "Secovi-SP, Sinduscon-SP e Abrainc enviaram pedido ao Ministério da Economia", "data": "19.mar.2021 às 20h03"}, {"nome": "'O Consentimento' mostra como pedofilia de escritor passou impune na França", "resumo": "Livro de Vanessa Springora mexeu com as bases do mundo literário francês ao narrar abusos sofridos por ela", "data": "19.mar.2021 às 20h00"}, {"nome": "Brasil tem maior média móvel de mortes por Covid dos países-sede da F1", "resumo": "País possui também 6ª menor taxa de vacinação contra coronavírus por mil habitantes", "data": "19.mar.2021 às 20h00"}, {"nome": "BBB 21: Deboche de Sarah sobre pandemia é a pá de cal no jogo da brasiliense", "resumo": "Brasiliense falou que furou isolamento para ir a megafestas", "data": "19.mar.2021 às 20h00"}, {"nome": "No pior momento da pandemia, cemitérios de SP se preparam para fazer enterros noturnos", "resumo": "Oito torres de iluminação foram contratadas pela gestão Covas para auxiliar os trabalhos das necrópoles à noite", "data": "19.mar.2021 às 19h55"}, {"nome": "Profissional convocado para trabalhar no megaferiado poderá receber em dobro", "resumo": "A regra vale para quem não é de atividades essenciais e não tiver folga compensando", "data": "19.mar.2021 às 19h47"}, {"nome": "EUA e China jogam bruto no Alasca, mas com as cartas colocadas à mesa", "resumo": "Reunião de cúpula das diplomacias rivais acaba em tom mais ameno; obstáculos são claros", "data": "19.mar.2021 às 19h46"}, {"nome": "Grande SP tem 11% de aumento no número de mortes no trânsito em fevereiro", "resumo": "Levantamento do Detran mostra que houve menos acidentes com vítimas, mas eles foram mais fatais", "data": "19.mar.2021 às 19h41"}, {"nome": "Bolsonaro faz aceno ao Congresso para evitar CPI, mas mantém enfrentamento e fala em 'medidas duras'", "resumo": "Fux telefonou para chefe do Executivo para esclarecer declaração sobre possível decretação de estado de sítio", "data": "19.mar.2021 às 19h32"}, {"nome": "Erro em nome de tradutor provoca série de queixas da categoria contra editoras", "resumo": "Nova Fronteira publicou ensaio biográfico de Stefan Zweig com o crédito de um dos tradutores errado e busca corrigir", "data": "19.mar.2021 às 19h23"}, {"nome": "Campo Grande antecipa ao menos 4 feriados para conter a Covid", "resumo": "Capital de MS tem toque de recolher entre 20h e 5h e barreiras sanitárias nas entradas da cidade", "data": "19.mar.2021 às 19h18"}, {"nome": "Chiquinha, do seriado Chaves, agradece em vídeo carinho dos fãs", "resumo": "Vestida como a personagem, ela publicou a mensagem nas redes sociais", "data": "19.mar.2021 às 19h15"}, {"nome": "São Bernardo restringe funcionamento de serviços essenciais até as 19h", "resumo": "Medida visa conter o avanço da Covid; cidade tem 90% de ocupação de leitos de UTI", "data": "19.mar.2021 às 18h51"}, {"nome": "Dólar cai 1,5% para R$ 5,48 com efeito dos juros no Brasil e nos EUA", "resumo": "Câmbio tem maior série de baixas desde novembro; Bolsa sobe 1,2%", "data": "19.mar.2021 às 18h47"}, {"nome": "'Amor de Mãe' terá alerta sobre cuidados contra a Covid ao final dos episódios", "resumo": "Diálogo dão a entender que não há reinfecção da doença", "data": "19.mar.2021 às 18h35"}, {"nome": "Vacina de Oxford é eficaz contra variante brasileira do coronavírus, diz Fiocruz", "resumo": "Assim como Coronavac, imunizante é capaz de neutralizar P.1 segundo pesquisa ainda não publicada", "data": "19.mar.2021 às 18h33"}, {"nome": "Araraquara usa igreja como hospital de retaguarda para ampliar leitos de Covid-19", "resumo": "Serão abertas 21 vagas com o objetivo de internar precocemente pacientes, diz secretária da Saúde", "data": "19.mar.2021 às 18h30"}, {"nome": "Primeiro romance de Toni Morrison é tema do Clube de Leitura Folha de março", "resumo": "'O Olho Mais Azul', livro de 1970 da vencedora do Nobel, aborda racismo em história que se passa após a Grande Depressão", "data": "19.mar.2021 às 18h25"}, {"nome": "Apresentadora Adriana Araújo deixa a Record; Cabrini assume programa", "resumo": "Jornalista publica longa carta de agradecimento nas redes sociais", "data": "19.mar.2021 às 18h20"}, {"nome": "Jorge Luis Borges é escritor indiscutível cujo legado continua maravilhando", "resumo": "Perguntas feitas a ele têm respostas que se encaixam em contexto específico e ajudam a definir o espírito dos tempos", "data": "19.mar.2021 às 18h15"}, {"nome": "Em vídeo, filhos cavam cova da mãe em cemitério sem coveiro no RJ", "resumo": "Prefeitura de Magé diz que diretor do cemitério liberou todos os coveiros ao mesmo tempo na hora do almoço", "data": "19.mar.2021 às 18h14"}, {"nome": "Trabalhador informal pode consultar se foi aprovado para auxílio a partir de 1º de abril", "resumo": "Nova rodada terá parcelas R$ 150, R$ 250 ou R$ 375; calendário ainda será divulgado", "data": "19.mar.2021 às 18h12"}, {"nome": "Sem medicamentos, São Sebastião vai pedir transferência de pacientes que precisem de intubação", "resumo": "Segundo prefeito de cidade do litoral de SP, hospitais estão sem sedativos e empresas não têm insumos para vender", "data": "19.mar.2021 às 18h09"}, {"nome": "Obscurantismo que acompanha desenrolar da pandemia levou Brasil à catástrofe", "resumo": "Como em \"Crônica de Uma Morte Anunciada\", todos conheciam o final da história", "data": "19.mar.2021 às 18h00"}, {"nome": "Queiroga parece o Rolando Lero! E o Galvão anuncia o novo ministro: É tetra!", "resumo": "E não adianta mudar as rodas da carroça se o problema tá no burro", "data": "19.mar.2021 às 17h51"}, {"nome": "O duplo", "resumo": "No colapso hospitalar, o presidente contempla o sofrimento de inimigos", "data": "19.mar.2021 às 17h50"}, {"nome": "Covas muda 20 subprefeitos, põe ex-comandante da PM na Sé e exonera indicado de Doria", "resumo": "Base aliada vinha cobrando participação no governo tucano", "data": "19.mar.2021 às 17h45"}, {"nome": "FGV Direito de SP inicia Programa de Apoio e Diversidade voltado a negros, indígenas e ex-alunos de escolas públicas", "resumo": "A Escola de Direito de São Paulo da Fundação Getúlio Vargas está com inscrições...", "data": "19.mar.2021 às 17h33"}, {"nome": "Críticas ao leite, queijo e hambúrguer veganos ignoram nossa humanidade", "resumo": "Temos o direito de chamar aquilo que comemos com os nomes de sempre sem criar polêmicas desnecessárias", "data": "19.mar.2021 às 17h30"}]