cod_pessoa;nome;genero;data_nascimento;data_compra;fabricante;modelo;valor
1015;Beatriz;Feminino;1994-09-21;2021-01-13;Fiat;Mobi Easy 1.5;40449
1023;Emanuelly;Feminino;1964-12-28;2021-01-13;Volkswagen; Gol 1.0;54150
1090;Louise;Feminino;1991-04-18;2021-01-13;Hyndai;Hyundai HB20 1.0 Sense;49590
1130;Daniel;Masculino;1963-10-27;2021-01-13;Volkswagen; Fox Connect 1.6;57640
1177;Erick;Masculino;1961-01-05;2021-01-13;Fiat;Mobi Easy 1.5;40449
1197;Ruan;Masculino;1960-03-09;2021-01-13;Fiat;Mobi Easy 1.5;40449
